,balanced_accuracy,kappa_accuracy,accuracy,F1_micro_accuracy,recall_accuracy,precision_accuracy
metrics,0.8369342152760151,0.8239731366780356,0.8475798589679499,0.8475798589679499,0.8369342152760151,0.8568037333318285
